"Month","Min_temp","Avg_temp","Max_temp"
5,56,65.5483870967742,81
6,65,79.1,93
7,73,83.9032258064516,92
8,72,83.9677419354839,97
9,63,76.9,93
